x_out,y_out,z_out
-0.44714,0.18652,0.34762
-0.44714,0.18652,0.5
-0.44714,-0.18652,0.5
-0.44714,-0.18652,0.34762
-0.44714,0.18652,0.34762
